First Name;Last Name;Company Name;Role In Company;Address;E-Mail;Phone Number
"William";"Turner";"FedEx";"Web Developer";"4687 station road";"wturner@fedex.gives";"26386053664";
"Lydia";"Kaur";"Mars";"Auto Mechanic";"1322 Guild Street";"lkaur@mars.gold";"29895502459";
"Lilly";"Dean";"Baptist Health South Florida";"Landscaper & Groundskeeper";"2139 richmond road";"ldean@baptisthealthsouthflorida.koeln";"51632527862";
"Tommy";"Yates";"Genentech";"Construction Worker";"7820 king street";"tyates@genentech.pub";"92380576725";
"Luca";"Ward";"IKEA Holding U.S.";"Meetin";"5142 park road";"lward@ikeaholdingus.help";"11296627572";
"Martha";"Thomas";"EY";"Landscaper & Groundskeeper";"5377 mill lane";"mthomas@ey.directory";"65846955473";
"Theo";"Hughes";"Atlantic Health System";"Veterinarian";"3091 park avenue";"thughes@atlantichealthsystem.diamonds";"41818216196";
"Daisy";"Bradley";"Alston & Bird";"Fabricator";"8098 grange road";"dbradley@alston&bird.money";"35503737521";
"Tommy";"Knight";"David Weekley Homes";"Occupational Therapist";"4317 grove road";"tknight@davidweekleyhomes.casino";"62324023800";
"Luca";"Mcdonald";"W. L. Gore & Associates";"Compliance Officer";"1110 manchester road";"lmcdonald@wlgore&associates.cloud";"93127834289";
"Isabel";"Cox";"Whole Foods Market";"Auto Mechanic";"5546 queens road";"icox@wholefoodsmarket.life";"54220933364";
"Heidi";"Walton";"Camden Property Trust";"Accountant";"9452 kings road";"hwalton@camdenpropertytrust.website";"16862620902";
"Bobby";"Cook";"Pinnacle Financial Partners";"Paramedic";"6219 high street";"bcook@pinnaclefinancialpartners.pizza";"57449554163";
"Gabriel";"Ryan";"Slalom";"Scientist";"7565 main street";"gryan@slalom.consulting";"18499213187";
"Freya";"Parry";"Delta Air Lines";"Computer Systems Analyst";"1261 broadway";"fparry@deltaairlines.fashion";"53768259128";
"Chloe";"Butler";"Acuity";"Software Developer";"5147 windsor road";"cbutler@acuity.finance";"49859627308";
"Lacey";"Barker";"Hilcorp";"Janitor";"9255 main street";"lbarker@hilcorp.contractors";"20135615621";
"Dylan";"Jackson";"Hyatt";"Advisor";"2221 manor road";"djackson@hyatt.download";"36828667595";
"Poppy";"Berry";"QuikTrip";"Public Relations Specialist";"8461 church lane";"pberry@quiktrip.gripe";"61689605512";
"Jackson";"Bell";"Children's Healthcare of Atlanta";"Database Administrator";"2131 kings road";"jbell@childrenshealthcareofatlanta.blog";"13503258088";
